pair_id,condition,task_id,domain,score_base,score_manipulated,delta,abs_delta,direction_is_positive,base_chars,manip_chars,delta_chars,base_tokens,manip_tokens,delta_tokens
pair_01_persona,persona,task_photosynthesis,botany,0.18390236762293474,-0.4206142143389936,-0.6045165819619284,0.6045165819619284,False,207,203,-4,27,26,-1
pair_01_length,length,task_photosynthesis,botany,1.9204248524381153,0.3531127772498199,-1.5673120751882954,1.5673120751882954,False,55,325,270,8,41,33
pair_01_format,format,task_photosynthesis,botany,1.2997185836027434,0.1987814201757388,-1.1009371634270047,1.1009371634270047,False,143,178,35,20,25,5
pair_01_lexical,lexical,task_photosynthesis,botany,1.2997185836027434,1.0061596118700051,-0.29355897173273826,0.29355897173273826,False,143,183,40,20,23,3
pair_01_context,context,task_photosynthesis,botany,1.3003196879530332,0.4506076341372479,-0.8497120538157853,0.8497120538157853,False,143,269,126,20,39,19
pair_02_persona,persona,task_gravitation,astrophysics,0.4524394190716646,-0.3124738105079278,-0.7649132295795924,0.7649132295795924,False,205,194,-11,26,23,-3
pair_02_length,length,task_gravitation,astrophysics,1.3688229626261705,0.3752205237186195,-0.9936024389075511,0.9936024389075511,False,61,314,253,10,39,29
pair_02_format,format,task_gravitation,astrophysics,1.525122563958886,-0.05317932626352437,-1.5783018902224102,1.5783018902224102,False,137,171,34,19,23,4
pair_02_lexical,lexical,task_gravitation,astrophysics,1.5251225639588855,0.7406657400965883,-0.7844568238622972,0.7844568238622972,False,137,188,51,19,24,5
pair_02_context,context,task_gravitation,astrophysics,1.5251225639588863,0.7776548430053061,-0.7474677209535803,0.7474677209535803,False,137,261,124,19,36,17
pair_03_persona,persona,task_water_cycle,hydrology,0.5193426207739538,0.12355239351700331,-0.39579022725695046,0.39579022725695046,False,204,195,-9,27,25,-2
pair_03_length,length,task_water_cycle,hydrology,1.893093400859868,0.8169062228643217,-1.0761871779955463,1.0761871779955463,False,58,310,252,10,38,28
pair_03_format,format,task_water_cycle,hydrology,1.5536320859004318,-0.17736863870677427,-1.731000724607206,1.731000724607206,False,142,182,40,20,24,4
pair_03_lexical,lexical,task_water_cycle,hydrology,1.5536320859004318,1.0653148308654048,-0.488317255035027,0.488317255035027,False,142,185,43,20,24,4
pair_03_context,context,task_water_cycle,hydrology,1.5536320859004318,1.030722719069196,-0.5229093668312357,0.5229093668312357,False,142,248,106,20,35,15
pair_04_persona,persona,task_rsa_cryptography,cryptography,0.6859184238599837,0.3232864075400412,-0.3626320163199425,0.3626320163199425,False,200,201,1,26,27,1
pair_04_length,length,task_rsa_cryptography,cryptography,1.6710047107232497,0.5572994380177079,-1.1137052727055419,1.1137052727055419,False,58,301,243,10,37,27
pair_04_format,format,task_rsa_cryptography,cryptography,1.8238094205043185,-0.06512237765908399,-1.8889317981634024,1.8889317981634024,False,139,175,36,20,25,5
pair_04_lexical,lexical,task_rsa_cryptography,cryptography,1.8238094205043185,1.1369831800001298,-0.6868262405041887,0.6868262405041887,False,139,184,45,20,23,3
pair_04_context,context,task_rsa_cryptography,cryptography,1.8238094205043185,1.0097764681933161,-0.8140329523110024,0.8140329523110024,False,139,256,117,20,36,16
pair_05_persona,persona,task_seasons_orbit,astronomy,-0.7178413130822169,-1.0153158950939305,-0.2974745820117136,0.2974745820117136,False,217,206,-11,29,30,1
pair_05_length,length,task_seasons_orbit,astronomy,1.3950209303158068,0.33276983737877097,-1.0622510929370357,1.0622510929370357,False,58,330,272,10,42,32
pair_05_format,format,task_seasons_orbit,astronomy,0.4956116599845288,-0.055971350310508344,-0.5515830102950371,0.5515830102950371,False,150,171,21,22,26,4
pair_05_lexical,lexical,task_seasons_orbit,astronomy,0.4956116599845288,0.8587698450048494,0.36315818502032066,0.36315818502032066,True,150,176,26,22,23,1
pair_05_context,context,task_seasons_orbit,astronomy,0.4956116599845288,-0.19422289645246657,-0.6898345564369953,0.6898345564369953,False,150,256,106,22,37,15
pair_06_persona,persona,task_sourdough_microbiology,microbiology,0.3707153472810345,0.04757121409229598,-0.3231441331887385,0.3231441331887385,False,215,203,-12,28,29,1
pair_06_length,length,task_sourdough_microbiology,microbiology,1.7720196216279747,-0.10621605084074845,-1.878235672468723,1.878235672468723,False,63,329,266,9,40,31
pair_06_format,format,task_sourdough_microbiology,microbiology,1.4026917067023765,0.1266008706974038,-1.2760908360049728,1.2760908360049728,False,145,183,38,21,26,5
pair_06_lexical,lexical,task_sourdough_microbiology,microbiology,1.402691706702376,1.0409841553706045,-0.36170755133177157,0.36170755133177157,False,145,187,42,21,23,2
pair_06_context,context,task_sourdough_microbiology,microbiology,1.402691706702376,0.7162962563549036,-0.6863954503474725,0.6863954503474725,False,145,256,111,21,36,15
pair_07_persona,persona,task_mountain_orogeny,geology,0.26127185621518556,-0.39011261299630184,-0.6513844692114874,0.6513844692114874,False,213,208,-5,28,28,0
pair_07_length,length,task_mountain_orogeny,geology,2.304929604057898,0.5770861060573588,-1.727843498000539,1.727843498000539,False,54,310,256,10,39,29
pair_07_format,format,task_mountain_orogeny,geology,1.4133844797137443,-0.26061751993554094,-1.6740019996492852,1.6740019996492852,False,149,176,27,21,24,3
pair_07_lexical,lexical,task_mountain_orogeny,geology,1.4133844797137443,0.6411814866422572,-0.7722029930714871,0.7722029930714871,False,149,182,33,21,21,0
pair_07_context,context,task_mountain_orogeny,geology,1.4133844797137443,0.6856066704615584,-0.7277778092521858,0.7277778092521858,False,149,254,105,21,36,15
pair_08_persona,persona,task_optical_microscopy,optics,0.7252969271736095,0.21608277141729176,-0.5092141557563177,0.5092141557563177,False,222,213,-9,29,29,0
pair_08_length,length,task_optical_microscopy,optics,1.712515850039633,0.6330132075436796,-1.0795026424959533,1.0795026424959533,False,59,333,274,10,44,34
pair_08_format,format,task_optical_microscopy,optics,1.704160820361932,0.2550063575982323,-1.4491544627636999,1.4491544627636999,False,151,197,46,22,27,5
pair_08_lexical,lexical,task_optical_microscopy,optics,1.7041608203619332,1.1371776547716976,-0.5669831655902355,0.5669831655902355,False,151,188,37,22,24,2
pair_08_context,context,task_optical_microscopy,optics,1.7041608203619332,1.0179823150761143,-0.6861785052858189,0.6861785052858189,False,151,265,114,22,36,14
pair_09_persona,persona,task_binary_search_algo,computer_science,0.08095982225109588,-0.47302524007389013,-0.553985062324986,0.553985062324986,False,217,210,-7,28,28,0
pair_09_length,length,task_binary_search_algo,computer_science,2.2798695590690548,0.8353646729947961,-1.4445048860742586,1.4445048860742586,False,60,305,245,11,39,28
pair_09_format,format,task_binary_search_algo,computer_science,1.097208603615456,0.304847194501787,-0.792361409113669,0.792361409113669,False,152,183,31,22,26,4
pair_09_lexical,lexical,task_binary_search_algo,computer_science,1.097208603615456,1.2055245548742062,0.10831595125875015,0.10831595125875015,True,152,174,22,22,23,1
pair_09_context,context,task_binary_search_algo,computer_science,1.097208603615456,0.5981310179467292,-0.49907758566872684,0.49907758566872684,False,152,259,107,22,37,15
pair_10_persona,persona,task_hemoglobin_transport,biochemistry,1.150758112685872,0.712576556848441,-0.4381815558374309,0.4381815558374309,False,209,206,-3,27,28,1
pair_10_length,length,task_hemoglobin_transport,biochemistry,1.963657007111256,0.9752186831133668,-0.9884383239978892,0.9884383239978892,False,57,313,256,10,38,28
pair_10_format,format,task_hemoglobin_transport,biochemistry,1.9437947528830046,0.12801445484784957,-1.815780298035155,1.815780298035155,False,148,172,24,21,25,4
pair_10_lexical,lexical,task_hemoglobin_transport,biochemistry,1.9437947528830046,0.6350705693718763,-1.3087241835111283,1.3087241835111283,False,148,182,34,21,21,0
pair_10_context,context,task_hemoglobin_transport,biochemistry,1.9437947528830046,1.476054206270936,-0.46774054661206854,0.46774054661206854,False,148,255,107,21,35,14
pair_11_persona,persona,task_kinetic_potential,classical_physics,0.18468920584172333,-0.5374558277105658,-0.7221450335522891,0.7221450335522891,False,227,219,-8,31,32,1
pair_11_length,length,task_kinetic_potential,classical_physics,2.3972492498196623,0.9465355603534833,-1.450713689466179,1.450713689466179,False,69,348,279,11,41,30
pair_11_format,format,task_kinetic_potential,classical_physics,1.2573384433784582,0.07404904233030825,-1.18328940104815,1.18328940104815,False,156,191,35,24,25,1
pair_11_lexical,lexical,task_kinetic_potential,classical_physics,1.2573384433784582,1.4209708353547845,0.16363239197632629,0.16363239197632629,True,156,186,30,24,21,-3
pair_11_context,context,task_kinetic_potential,classical_physics,1.2575428044793235,0.5535675887334752,-0.7039752157458483,0.7039752157458483,False,156,257,101,24,41,17
pair_12_persona,persona,task_bee_waggle_dance,ethology,0.48953972962624925,0.04130385552231744,-0.44823587410393184,0.44823587410393184,False,219,207,-12,29,30,1
pair_12_length,length,task_bee_waggle_dance,ethology,1.7869546542399513,0.7604397980921602,-1.026514856147791,1.026514856147791,False,61,331,270,11,41,30
pair_12_format,format,task_bee_waggle_dance,ethology,1.3266822523976955,0.14893118694946572,-1.1777510654482297,1.1777510654482297,False,151,181,30,22,26,4
pair_12_lexical,lexical,task_bee_waggle_dance,ethology,1.3266822523976955,0.7150448913614437,-0.6116373610362519,0.6116373610362519,False,151,185,34,22,24,2
pair_12_context,context,task_bee_waggle_dance,ethology,1.3266822523976955,0.7928323641918266,-0.533849888205869,0.533849888205869,False,151,263,112,22,39,17
pair_13_persona,persona,task_faraday_induction,electromagnetism,0.6895888063046318,0.39095613517980266,-0.29863267112482916,0.29863267112482916,False,227,219,-8,28,29,1
pair_13_length,length,task_faraday_induction,electromagnetism,1.7575358212791983,0.21073886459018504,-1.5467969566890132,1.5467969566890132,False,66,309,243,9,37,28
pair_13_format,format,task_faraday_induction,electromagnetism,1.8086706525318235,0.2232962383080364,-1.585374414223787,1.585374414223787,False,161,175,14,22,25,3
pair_13_lexical,lexical,task_faraday_induction,electromagnetism,1.8086706525318235,0.7914747516008924,-1.017195900930931,1.017195900930931,False,161,184,23,22,23,1
pair_13_context,context,task_faraday_induction,electromagnetism,1.8086031911570872,1.2750907807007281,-0.5335124104563591,0.5335124104563591,False,161,264,103,22,36,14
pair_14_persona,persona,task_embryonic_stages,developmental_biology,-0.20445917584190854,-0.6381137985314814,-0.4336546226895729,0.4336546226895729,False,220,214,-6,27,28,1
pair_14_length,length,task_embryonic_stages,developmental_biology,1.9784246998951338,0.40390047495431225,-1.5745242249408216,1.5745242249408216,False,63,306,243,9,37,28
pair_14_format,format,task_embryonic_stages,developmental_biology,0.6500099396170971,-0.4312951097783989,-1.081305049395496,1.081305049395496,False,155,199,44,21,27,6
pair_14_lexical,lexical,task_embryonic_stages,developmental_biology,0.6500099396170971,0.8353194412604109,0.18530950164331383,0.18530950164331383,True,155,182,27,21,22,1
pair_14_context,context,task_embryonic_stages,developmental_biology,0.6500099396170971,0.39755456540636525,-0.25245537421073183,0.25245537421073183,False,155,253,98,21,35,14
pair_15_persona,persona,task_doppler_effect,wave_physics,0.7290526955249322,0.1579111638183474,-0.5711415317065849,0.5711415317065849,False,216,211,-5,29,29,0
pair_15_length,length,task_doppler_effect,wave_physics,1.6834257705974442,0.6454469713351086,-1.0379787992623357,1.0379787992623357,False,59,289,230,10,37,27
pair_15_format,format,task_doppler_effect,wave_physics,1.7342401548344346,0.2065797664955072,-1.5276603883389275,1.5276603883389275,False,155,198,43,22,26,4
pair_15_lexical,lexical,task_doppler_effect,wave_physics,1.7342401548344346,1.6130070508726868,-0.1212331039617478,0.1212331039617478,False,155,172,17,22,22,0
pair_15_context,context,task_doppler_effect,wave_physics,1.7337630992625122,1.2201144404208697,-0.5136486588416425,0.5136486588416425,False,155,253,98,22,36,14
pair_16_persona,persona,task_dendroclimatology,paleoclimatology,-1.272208679611527,-1.5316662537502421,-0.25945757413871506,0.25945757413871506,False,225,228,3,29,31,2
pair_16_length,length,task_dendroclimatology,paleoclimatology,1.6337370195786596,0.06981619502485173,-1.5639208245538079,1.5639208245538079,False,63,321,258,12,37,25
pair_16_format,format,task_dendroclimatology,paleoclimatology,0.05729832270432947,0.021580269533254204,-0.035718053171075265,0.035718053171075265,False,161,203,42,23,26,3
pair_16_lexical,lexical,task_dendroclimatology,paleoclimatology,0.05729832270432947,0.9667726582746193,0.9094743355702899,0.9094743355702899,True,161,176,15,23,21,-2
pair_16_context,context,task_dendroclimatology,paleoclimatology,0.05729832270432947,-0.7359441710430894,-0.7932424937474188,0.7932424937474188,False,161,274,113,23,37,14
pair_17_persona,persona,task_hydrothermal_chemosynthesis,marine_ecology,0.07001626213943066,-0.40628325326143083,-0.47629951540086146,0.47629951540086146,False,226,216,-10,28,27,-1
pair_17_length,length,task_hydrothermal_chemosynthesis,marine_ecology,2.1093037013250386,-0.15425374581016998,-2.2635574471352085,2.2635574471352085,False,63,323,260,11,39,28
pair_17_format,format,task_hydrothermal_chemosynthesis,marine_ecology,0.9888794514101324,0.12659953025015566,-0.8622799211599768,0.8622799211599768,False,161,206,45,21,28,7
pair_17_lexical,lexical,task_hydrothermal_chemosynthesis,marine_ecology,0.9888794514101324,0.6600480401913899,-0.3288314112187426,0.3288314112187426,False,161,180,19,21,22,1
pair_17_context,context,task_hydrothermal_chemosynthesis,marine_ecology,0.9888794514101331,0.5510583914413585,-0.43782105996877463,0.43782105996877463,False,161,273,112,21,37,16
pair_18_persona,persona,task_dna_replication_structure,molecular_genetics,0.850754809893692,0.49880134556162353,-0.3519534643320685,0.3519534643320685,False,228,227,-1,31,32,1
pair_18_length,length,task_dna_replication_structure,molecular_genetics,2.1593696881408144,0.15260231037479777,-2.0067673777660167,2.0067673777660167,False,70,319,249,11,37,26
pair_18_format,format,task_dna_replication_structure,molecular_genetics,1.8005387279983303,-0.2590279602027716,-2.0595666882011017,2.0595666882011017,False,164,207,43,24,25,1
pair_18_lexical,lexical,task_dna_replication_structure,molecular_genetics,1.7998222862819548,1.0477314251273195,-0.7520908611546353,0.7520908611546353,False,164,175,11,24,24,0
pair_18_context,context,task_dna_replication_structure,molecular_genetics,1.7998222862819548,1.3730534938957228,-0.426768792386232,0.426768792386232,False,164,269,105,24,37,13
pair_19_persona,persona,task_entropy_thermodynamics,statistical_physics,1.0464498843945849,0.4428566314655355,-0.6035932529290493,0.6035932529290493,False,227,218,-9,30,29,-1
pair_19_length,length,task_entropy_thermodynamics,statistical_physics,1.876693775654029,0.212230766354025,-1.664463009300004,1.664463009300004,False,63,324,261,11,37,26
pair_19_format,format,task_entropy_thermodynamics,statistical_physics,1.9293434996223136,-0.03729309506170471,-1.9666365946840183,1.9666365946840183,False,159,199,40,24,31,7
pair_19_lexical,lexical,task_entropy_thermodynamics,statistical_physics,1.9293434996223136,1.18359400279833,-0.7457494968239835,0.7457494968239835,False,159,177,18,24,22,-2
pair_19_context,context,task_entropy_thermodynamics,statistical_physics,1.9293434996223167,1.3058111960104282,-0.6235323036118885,0.6235323036118885,False,159,282,123,24,40,16
pair_20_persona,persona,task_mycorrhizal_networks,forest_ecology,-0.32132423723603243,-0.7315354915104968,-0.41021125427446437,0.41021125427446437,False,227,220,-7,30,29,-1
pair_20_length,length,task_mycorrhizal_networks,forest_ecology,1.797036843698629,0.03475310993407593,-1.7622837337645532,1.7622837337645532,False,61,331,270,9,40,31
pair_20_format,format,task_mycorrhizal_networks,forest_ecology,0.8637934852466561,0.03372297088665377,-0.8300705143600023,0.8300705143600023,False,164,207,43,23,27,4
pair_20_lexical,lexical,task_mycorrhizal_networks,forest_ecology,0.8637934852466561,0.6028460156856494,-0.2609474695610067,0.2609474695610067,False,164,179,15,23,20,-3
pair_20_context,context,task_mycorrhizal_networks,forest_ecology,0.8637934852466561,0.1228634991968437,-0.7409299860498124,0.7409299860498124,False,164,280,116,23,39,16
pair_21_persona,persona,task_haber_bosch_process,chemical_engineering,0.4664047961815363,-0.08339021639543909,-0.5497950125769754,0.5497950125769754,False,236,226,-10,29,28,-1
pair_21_length,length,task_haber_bosch_process,chemical_engineering,1.467497589152114,0.7088320752530118,-0.7586655138991022,0.7586655138991022,False,64,337,273,10,43,33
pair_21_format,format,task_haber_bosch_process,chemical_engineering,1.3177396646713553,0.19990149139137559,-1.1178381732799796,1.1178381732799796,False,163,191,28,22,26,4
pair_21_lexical,lexical,task_haber_bosch_process,chemical_engineering,1.317739664671357,0.7046832373227814,-0.6130564273485757,0.6130564273485757,False,163,176,13,22,22,0
pair_21_context,context,task_haber_bosch_process,chemical_engineering,1.317801924486266,0.809772331722826,-0.50802959276344,0.50802959276344,False,163,277,114,22,37,15
pair_22_persona,persona,task_caldera_collapse,volcanology,-0.8914927037108792,-1.4972057304706339,-0.6057130267597547,0.6057130267597547,False,215,210,-5,28,29,1
pair_22_length,length,task_caldera_collapse,volcanology,1.170498053003108,-0.3415521684276786,-1.5120502214307865,1.5120502214307865,False,62,320,258,11,40,29
pair_22_format,format,task_caldera_collapse,volcanology,0.5478064698219466,-0.0851021281785852,-0.6329085980005318,0.6329085980005318,False,147,186,39,21,25,4
pair_22_lexical,lexical,task_caldera_collapse,volcanology,0.5478064698219466,1.036571556662064,0.4887650868401173,0.4887650868401173,True,147,171,24,21,20,-1
pair_22_context,context,task_caldera_collapse,volcanology,0.5478064698219466,-0.39124444756621113,-0.9390509173881577,0.9390509173881577,False,147,271,124,21,39,18
pair_23_persona,persona,task_photovoltaic_physics,condensed_matter_physics,-0.23723101295234728,-0.5697248894881154,-0.3324938765357681,0.3324938765357681,False,237,220,-17,29,27,-2
pair_23_length,length,task_photovoltaic_physics,condensed_matter_physics,2.1421674671363733,0.49793330467352837,-1.644234162462845,1.644234162462845,False,56,329,273,11,40,29
pair_23_format,format,task_photovoltaic_physics,condensed_matter_physics,0.5893478574941964,-0.13948932415838497,-0.7288371816525814,0.7288371816525814,False,164,207,43,22,27,5
pair_23_lexical,lexical,task_photovoltaic_physics,condensed_matter_physics,0.5893478574941964,0.25091399383605806,-0.3384338636581383,0.3384338636581383,False,164,183,19,22,20,-2
pair_23_context,context,task_photovoltaic_physics,condensed_matter_physics,0.5893478574941964,-0.12090556545116724,-0.7102534229453636,0.7102534229453636,False,164,289,125,22,39,17
pair_24_persona,persona,task_action_potentials_neuro,neurophysiology,0.2218660854934058,-0.3947912824885993,-0.6166573679820051,0.6166573679820051,False,241,240,-1,29,28,-1
pair_24_length,length,task_action_potentials_neuro,neurophysiology,2.1590632027255783,0.36778267964008937,-1.791280523085489,1.791280523085489,False,61,319,258,11,37,26
pair_24_format,format,task_action_potentials_neuro,neurophysiology,1.2747201569129911,-0.4122783821972751,-1.6869985391102662,1.6869985391102662,False,166,212,46,22,27,5
pair_24_lexical,lexical,task_action_potentials_neuro,neurophysiology,1.2747201569129911,0.6462379325606924,-0.6284822243522987,0.6284822243522987,False,166,176,10,22,21,-1
pair_24_context,context,task_action_potentials_neuro,neurophysiology,1.2747201569129911,0.7903343170566205,-0.4843858398563706,0.4843858398563706,False,166,263,97,22,37,15
pair_25_persona,persona,task_chromatography_methods,analytical_chemistry,0.3291240542004779,-0.24480782837574896,-0.5739318825762268,0.5739318825762268,False,232,209,-23,28,28,0
pair_25_length,length,task_chromatography_methods,analytical_chemistry,1.8861321811507663,0.5514250137766379,-1.3347071673741284,1.3347071673741284,False,65,316,251,10,38,28
pair_25_format,format,task_chromatography_methods,analytical_chemistry,1.314677035874836,0.3767284547647565,-0.9379485811100796,0.9379485811100796,False,161,210,49,21,29,8
pair_25_lexical,lexical,task_chromatography_methods,analytical_chemistry,1.3146770358748359,0.9086533814235175,-0.4060236544513184,0.4060236544513184,False,161,166,5,21,19,-2
pair_25_context,context,task_chromatography_methods,analytical_chemistry,1.3144291846298093,0.5916445079361351,-0.7227846766936742,0.7227846766936742,False,161,289,128,21,35,14
pair_26_persona,persona,task_tidal_mechanics,geophysics,-0.656081491198905,-1.3899012970373978,-0.7338198058384928,0.7338198058384928,False,218,213,-5,32,33,1
pair_26_length,length,task_tidal_mechanics,geophysics,1.896205639435712,0.2594042747491705,-1.6368013646865416,1.6368013646865416,False,52,319,267,9,39,30
pair_26_format,format,task_tidal_mechanics,geophysics,0.4338407690521,-0.12865227304249618,-0.5624930420945962,0.5624930420945962,False,152,214,62,25,30,5
pair_26_lexical,lexical,task_tidal_mechanics,geophysics,0.4338407690521,0.8756766023123059,0.4418358332602059,0.4418358332602059,True,152,174,22,25,22,-3
pair_26_context,context,task_tidal_mechanics,geophysics,0.4338407690521,-0.2617257459146235,-0.6955665149667235,0.6955665149667235,False,152,274,122,25,41,16
pair_27_persona,persona,task_lepidoptera_metamorphosis,entomology,0.03995253883987953,-0.36677908919173846,-0.406731628031618,0.406731628031618,False,230,228,-2,27,27,0
pair_27_length,length,task_lepidoptera_metamorphosis,entomology,1.5764100610255989,0.6673571597212625,-0.9090529013043364,0.9090529013043364,False,62,316,254,9,40,31
pair_27_format,format,task_lepidoptera_metamorphosis,entomology,0.9095961007412136,-0.34038858568471037,-1.2499846864259239,1.2499846864259239,False,160,193,33,20,28,8
pair_27_lexical,lexical,task_lepidoptera_metamorphosis,entomology,0.9095961007412136,0.6233041292730791,-0.28629197146813445,0.28629197146813445,False,160,180,20,20,22,2
pair_27_context,context,task_lepidoptera_metamorphosis,entomology,0.9095961007412136,0.4431870510865284,-0.46640904965468516,0.46640904965468516,False,160,268,108,20,34,14
pair_28_persona,persona,task_brayton_cycle_propulsion,aerospace_engineering,0.19939049463532302,-0.4904162044067607,-0.6898066990420837,0.6898066990420837,False,221,209,-12,28,27,-1
pair_28_length,length,task_brayton_cycle_propulsion,aerospace_engineering,2.0606127251745603,1.0809466493091473,-0.979666075865413,0.979666075865413,False,56,316,260,11,38,27
pair_28_format,format,task_brayton_cycle_propulsion,aerospace_engineering,1.3160233486682842,0.12334919103680139,-1.1926741576314828,1.1926741576314828,False,149,202,53,21,28,7
pair_28_lexical,lexical,task_brayton_cycle_propulsion,aerospace_engineering,1.3160233486682842,0.411948713580826,-0.9040746350874582,0.9040746350874582,False,149,185,36,21,25,4
pair_28_context,context,task_brayton_cycle_propulsion,aerospace_engineering,1.3160233486682842,0.5846605223066994,-0.7313628263615848,0.7313628263615848,False,149,263,114,21,37,16
pair_29_persona,persona,task_supercooling_liquids,condensed_matter,-0.38700616290172807,-1.1391729564388657,-0.7521667935371377,0.7521667935371377,False,237,225,-12,29,27,-2
pair_29_length,length,task_supercooling_liquids,condensed_matter,1.8454761341190238,0.771816175475665,-1.0736599586433588,1.0736599586433588,False,57,322,265,9,42,33
pair_29_format,format,task_supercooling_liquids,condensed_matter,0.7212001493872386,-0.14119064610072019,-0.8623907954879588,0.8623907954879588,False,169,226,57,22,29,7
pair_29_lexical,lexical,task_supercooling_liquids,condensed_matter,0.7212001493872386,1.3733955384023502,0.6521953890151115,0.6521953890151115,True,169,176,7,22,22,0
pair_29_context,context,task_supercooling_liquids,condensed_matter,0.7212001493872386,-0.06495184359992226,-0.7861519929871609,0.7861519929871609,False,169,291,122,22,38,16
pair_30_persona,persona,task_piezoelectric_oscillators,electronic_engineering,0.27442854785366316,-0.11928869979218021,-0.39371724764584337,0.39371724764584337,False,244,220,-24,29,27,-2
pair_30_length,length,task_piezoelectric_oscillators,electronic_engineering,1.7045130338179222,0.6450045854429958,-1.0595084483749264,1.0595084483749264,False,63,350,287,11,42,31
pair_30_format,format,task_piezoelectric_oscillators,electronic_engineering,1.2549985957576446,-0.2674883172868853,-1.52248691304453,1.52248691304453,False,164,217,53,21,28,7
pair_30_lexical,lexical,task_piezoelectric_oscillators,electronic_engineering,1.2549985957576446,0.7042699391728193,-0.5507286565848253,0.5507286565848253,False,164,194,30,21,22,1
pair_30_context,context,task_piezoelectric_oscillators,electronic_engineering,1.254998595757645,0.7528844027696562,-0.5021141929879889,0.5021141929879889,False,164,278,114,21,37,16
